example_id,split,scenario_family,language,provisional,gold_status,gold_concerns,reviewer,review_decision,review_notes
train-e54d83b8e0,train,ambiguous_code,English,True,insufficient_context,,,,
train-0cae9f9afb,train,reluctance_respected,English,True,no_clear_concern,,,,
train-08d8f03c3f,train,assistance_choice,English,True,no_clear_concern,,,,
train-0f7fca62eb,train,secrecy_surprise,English,True,no_clear_concern,,,,
train-3ebddb6754,train,refusal_money,English,True,concern_detected,pressure_after_refusal,,,
train-620cb942e3,train,availability_limit,English,True,no_clear_concern,,,,
train-d860c5d686,train,assistance_choice,English,True,no_clear_concern,,,,
train-bad0b0f4c7,train,credential_impersonation,English,True,concern_detected,credential_request,,,
train-490229ec3e,train,credential_quote_benign,English,True,no_clear_concern,,,,
train-5f8c8ecfd0,train,credential_quote_benign,English,True,no_clear_concern,,,,
train-84d17e22c3,train,secrecy_coercion,English,True,concern_detected,pressure_after_refusal|assistance_related_coercion,,,
train-3bed4ffe5f,train,prompt_injection,English,True,concern_detected,credential_request,,,
train-a161ff318a,train,assistance_choice,English,True,no_clear_concern,,,,
train-f9f82bb94e,train,assistance_choice,English,True,no_clear_concern,,,,
train-d0277c5196,train,transport_threat,English,True,concern_detected,pressure_after_refusal|assistance_related_coercion,,,
train-d8a2f32241,train,ambiguous_code,English,True,insufficient_context,,,,
train-1f5b5b81c7,train,reluctance_respected,English,True,no_clear_concern,,,,
train-111ccd2d64,train,ambiguous_payment,English,True,insufficient_context,,,,
train-ac8d544a10,train,ambiguous_payment,English,True,insufficient_context,,,,
train-582ca62f14,train,care_threat,English,True,concern_detected,pressure_after_refusal|assistance_related_coercion,,,
train-6247c7f914,train,reluctance_respected,English,True,no_clear_concern,,,,
train-62b4f33a2b,train,refusal_respected,English,True,no_clear_concern,,,,
train-f0f0f333c9,train,secrecy_surprise,English,True,no_clear_concern,,,,
train-2fd3a1b9ae,train,credential_self_action,English,True,no_clear_concern,,,,
train-245a4824f0,train,credential_direct,English,True,concern_detected,credential_request,,,
train-031daad907,train,refusal_respected,English,True,no_clear_concern,,,,
train-a119b6a91e,train,transport_threat,English,True,concern_detected,pressure_after_refusal|assistance_related_coercion,,,
train-5b782b32fe,train,availability_limit,English,True,no_clear_concern,,,,
train-1e0e6e661b,train,credential_direct,English,True,concern_detected,credential_request,,,
train-2262fee610,train,joking_threat,English,True,no_clear_concern,,,,
train-12f9ae77c7,train,refusal_money,English,True,concern_detected,pressure_after_refusal,,,
train-5efa02be37,train,prompt_injection,English,True,concern_detected,credential_request,,,
train-a39faede06,train,refusal_money,English,True,concern_detected,pressure_after_refusal,,,
train-f5f85606d1,train,credential_self_action,English,True,no_clear_concern,,,,
train-a04a427eb8,train,refusal_respected,English,True,no_clear_concern,,,,
train-0fb4e0d17a,train,refusal_respected,English,True,no_clear_concern,,,,
train-c8fce1af39,train,refusal_money,English,True,concern_detected,pressure_after_refusal,,,
train-626fbb3b5f,train,credential_impersonation,English,True,concern_detected,credential_request,,,
train-53f85b0067,train,prompt_injection,English,True,concern_detected,credential_request,,,
train-abeda23ea1,train,secrecy_coercion,English,True,concern_detected,pressure_after_refusal|assistance_related_coercion,,,
train-21263c0afe,train,reluctance_respected,English,True,no_clear_concern,,,,
train-f6af125494,train,refusal_money,English,True,concern_detected,pressure_after_refusal,,,
train-1877e8772a,train,transport_threat,English,True,concern_detected,pressure_after_refusal|assistance_related_coercion,,,
train-740f3e6f4a,train,availability_limit,English,True,no_clear_concern,,,,
train-f7ca5da4d6,train,transport_threat,English,True,concern_detected,pressure_after_refusal|assistance_related_coercion,,,
train-caf391c58c,train,ambiguous_code,English,True,insufficient_context,,,,
train-d9485981e3,train,care_threat,English,True,concern_detected,pressure_after_refusal|assistance_related_coercion,,,
train-cd3c0c18c3,train,refusal_money,English,True,concern_detected,pressure_after_refusal,,,
train-675f28cc1e,train,credential_quote_benign,English,True,no_clear_concern,,,,
train-67e61c8461,train,credential_impersonation,English,True,concern_detected,credential_request,,,
train-69a4ba6a1f,train,refusal_money,English,True,concern_detected,pressure_after_refusal,,,
train-c7a46b3df0,train,credential_direct,English,True,concern_detected,credential_request,,,
train-ef33277337,train,credential_impersonation,English,True,concern_detected,credential_request,,,
train-27ed8fec60,train,refusal_meeting,English,True,concern_detected,pressure_after_refusal,,,
train-5b847f4249,train,care_threat,English,True,concern_detected,pressure_after_refusal|assistance_related_coercion,,,
train-a3fa915ec3,train,credential_direct,English,True,concern_detected,credential_request,,,
train-faf57c1586,train,credential_quote_benign,English,True,no_clear_concern,,,,
train-58c64e01aa,train,refusal_money,English,True,concern_detected,pressure_after_refusal,,,
train-cd4ce0af71,train,assistance_choice,English,True,no_clear_concern,,,,
train-89ec3e56e3,train,joking_threat,English,True,no_clear_concern,,,,
train-4d662bf7ab,train,credential_direct,English,True,concern_detected,credential_request,,,
train-da31240259,train,joking_threat,English,True,no_clear_concern,,,,
train-abbeef5778,train,transport_threat,English,True,concern_detected,pressure_after_refusal|assistance_related_coercion,,,
train-0127ce439a,train,joking_threat,English,True,no_clear_concern,,,,
train-8d7a123fbb,train,credential_direct,English,True,concern_detected,credential_request,,,
train-865c48bb87,train,secrecy_surprise,English,True,no_clear_concern,,,,
train-495ccd72bb,train,credential_direct,English,True,concern_detected,credential_request,,,
train-f9befb8e1d,train,transport_threat,English,True,concern_detected,pressure_after_refusal|assistance_related_coercion,,,
train-bb16d9a53a,train,credential_direct,English,True,concern_detected,credential_request,,,
train-15d84b9ec9,train,reluctance_respected,English,True,no_clear_concern,,,,
train-8cee3b5910,train,prompt_injection,English,True,concern_detected,credential_request,,,
train-b90ac7e1c2,train,refusal_meeting,English,True,concern_detected,pressure_after_refusal,,,
train-4f8973c060,train,credential_self_action,English,True,no_clear_concern,,,,
train-9167db6e23,train,credential_impersonation,English,True,concern_detected,credential_request,,,
train-bc37de30a1,train,credential_self_action,English,True,no_clear_concern,,,,
train-8d12e12334,train,availability_limit,English,True,no_clear_concern,,,,
train-68914f719f,train,credential_direct,English,True,concern_detected,credential_request,,,
train-75b6fc648f,train,refusal_respected,English,True,no_clear_concern,,,,
train-b6e108b025,train,ambiguous_code,English,True,insufficient_context,,,,
train-459913d92a,train,credential_self_action,English,True,no_clear_concern,,,,
train-9f10669d9d,train,refusal_money,English,True,concern_detected,pressure_after_refusal,,,
train-1d3f4d2b85,train,joking_threat,English,True,no_clear_concern,,,,
train-f45b06c0d8,train,care_threat,English,True,concern_detected,pressure_after_refusal|assistance_related_coercion,,,
train-9bd2355bed,train,joking_threat,English,True,no_clear_concern,,,,
train-178633f7bf,train,assistance_choice,English,True,no_clear_concern,,,,
train-c76954ef6c,train,prompt_injection,English,True,concern_detected,credential_request,,,
train-9d637a595c,train,secrecy_coercion,English,True,concern_detected,pressure_after_refusal|assistance_related_coercion,,,
train-aefc24f7ae,train,transport_threat,English,True,concern_detected,pressure_after_refusal|assistance_related_coercion,,,
train-267ff8cca6,train,credential_self_action,English,True,no_clear_concern,,,,
train-20b094e304,train,credential_self_action,English,True,no_clear_concern,,,,
train-b425b61ed1,train,availability_limit,English,True,no_clear_concern,,,,
train-624b042f35,train,refusal_respected,English,True,no_clear_concern,,,,
train-b632ad4bed,train,credential_quote_benign,English,True,no_clear_concern,,,,
train-2280cc776d,train,credential_quote_benign,English,True,no_clear_concern,,,,
train-cfee4812d7,train,credential_self_action,English,True,no_clear_concern,,,,
train-a4d69089c8,train,secrecy_coercion,English,True,concern_detected,pressure_after_refusal|assistance_related_coercion,,,
train-a092da81de,train,refusal_meeting,English,True,concern_detected,pressure_after_refusal,,,
train-92f9ad1974,train,refusal_money,English,True,concern_detected,pressure_after_refusal,,,
train-ab3ed9bac5,train,refusal_money,English,True,concern_detected,pressure_after_refusal,,,
train-52f912274e,train,ambiguous_payment,English,True,insufficient_context,,,,
train-f9575788dd,train,availability_limit,English,True,no_clear_concern,,,,
train-8a9945d73d,train,care_threat,English,True,concern_detected,pressure_after_refusal|assistance_related_coercion,,,
train-338f4700d8,train,secrecy_coercion,English,True,concern_detected,pressure_after_refusal|assistance_related_coercion,,,
train-3e5346973c,train,transport_threat,English,True,concern_detected,pressure_after_refusal|assistance_related_coercion,,,
train-6e95d6951b,train,refusal_money,English,True,concern_detected,pressure_after_refusal,,,
train-49fe62b771,train,credential_quote_benign,English,True,no_clear_concern,,,,
train-435b4ff02a,train,secrecy_surprise,English,True,no_clear_concern,,,,
train-0a1bd663ed,train,ambiguous_code,English,True,insufficient_context,,,,
train-d219217cf8,train,credential_quote_benign,English,True,no_clear_concern,,,,
train-5ce568048d,train,secrecy_surprise,English,True,no_clear_concern,,,,
train-4b7ef938b9,train,credential_self_action,English,True,no_clear_concern,,,,
train-ded8c38a00,train,refusal_money,English,True,concern_detected,pressure_after_refusal,,,
train-f690e56244,train,ambiguous_payment,English,True,insufficient_context,,,,
train-232b393450,train,reluctance_respected,English,True,no_clear_concern,,,,
train-2465a96d02,train,joking_threat,English,True,no_clear_concern,,,,
train-0b8a7cfaa0,train,secrecy_coercion,English,True,concern_detected,pressure_after_refusal|assistance_related_coercion,,,
train-49eecdc3f2,train,care_threat,English,True,concern_detected,pressure_after_refusal|assistance_related_coercion,,,
train-fdfcda6589,train,joking_threat,English,True,no_clear_concern,,,,
train-2941934e19,train,care_threat,English,True,concern_detected,pressure_after_refusal|assistance_related_coercion,,,
train-06e8720bf5,train,credential_direct,English,True,concern_detected,credential_request,,,
train-335a59adc0,train,care_threat,English,True,concern_detected,pressure_after_refusal|assistance_related_coercion,,,
train-08561b3508,train,credential_self_action,English,True,no_clear_concern,,,,
train-44cb20f276,train,reluctance_respected,English,True,no_clear_concern,,,,
train-807b1c7b8b,train,credential_quote_benign,English,True,no_clear_concern,,,,
train-7ccbf074db,train,refusal_respected,English,True,no_clear_concern,,,,
train-f6200f5ec1,train,assistance_choice,English,True,no_clear_concern,,,,
train-c2cb3a4228,train,assistance_choice,English,True,no_clear_concern,,,,
train-19c454dac8,train,prompt_injection,English,True,concern_detected,credential_request,,,
train-a4d6935fac,train,reluctance_respected,English,True,no_clear_concern,,,,
train-64a3468f62,train,joking_threat,English,True,no_clear_concern,,,,
train-fa2220a470,train,refusal_respected,English,True,no_clear_concern,,,,
train-b78da2eadb,train,care_threat,English,True,concern_detected,pressure_after_refusal|assistance_related_coercion,,,
train-8a03e2d923,train,refusal_meeting,English,True,concern_detected,pressure_after_refusal,,,
train-841ab1e18b,train,credential_quote_benign,English,True,no_clear_concern,,,,
train-8cee3822a3,train,ambiguous_payment,English,True,insufficient_context,,,,
train-7b0608f36e,train,availability_limit,English,True,no_clear_concern,,,,
train-50e0d5eca8,train,credential_quote_benign,English,True,no_clear_concern,,,,
train-de5cc8c433,train,credential_direct,English,True,concern_detected,credential_request,,,
train-dd9074d4fe,train,joking_threat,English,True,no_clear_concern,,,,
train-fbfbec4875,train,reluctance_respected,English,True,no_clear_concern,,,,
train-df103081d6,train,secrecy_surprise,English,True,no_clear_concern,,,,
train-dfb089aab1,train,secrecy_coercion,English,True,concern_detected,pressure_after_refusal|assistance_related_coercion,,,
train-3670d8434c,train,refusal_meeting,English,True,concern_detected,pressure_after_refusal,,,
train-b13791dbc9,train,credential_quote_benign,English,True,no_clear_concern,,,,
train-e4c14ff5bc,train,availability_limit,English,True,no_clear_concern,,,,
train-fcdcb3fc2c,train,ambiguous_payment,English,True,insufficient_context,,,,
train-864f1e4bfb,train,prompt_injection,English,True,concern_detected,credential_request,,,
train-7429a76800,train,joking_threat,English,True,no_clear_concern,,,,
train-2d7ca60691,train,prompt_injection,English,True,concern_detected,credential_request,,,
train-bea67daa37,train,reluctance_respected,English,True,no_clear_concern,,,,
train-809d53a223,train,availability_limit,English,True,no_clear_concern,,,,
train-b7b400825f,train,reluctance_respected,English,True,no_clear_concern,,,,
train-6a634cfd80,train,credential_quote_benign,English,True,no_clear_concern,,,,
train-0f5a4a81e1,train,ambiguous_payment,English,True,insufficient_context,,,,
train-f556aa8a31,train,refusal_meeting,English,True,concern_detected,pressure_after_refusal,,,
train-e26cfaf97c,train,availability_limit,English,True,no_clear_concern,,,,
train-719172b1d1,train,reluctance_respected,English,True,no_clear_concern,,,,
train-f7eaaa3468,train,credential_direct,English,True,concern_detected,credential_request,,,
train-57e3a36084,train,refusal_respected,English,True,no_clear_concern,,,,
train-a89e4030a7,train,refusal_respected,English,True,no_clear_concern,,,,
train-a0bb8c92c2,train,refusal_respected,English,True,no_clear_concern,,,,
train-6a3b3d9360,train,credential_impersonation,English,True,concern_detected,credential_request,,,
train-4fb0985c80,train,ambiguous_payment,English,True,insufficient_context,,,,
train-2002b2fa11,train,transport_threat,English,True,concern_detected,pressure_after_refusal|assistance_related_coercion,,,
train-1ea08aab66,train,secrecy_coercion,English,True,concern_detected,pressure_after_refusal|assistance_related_coercion,,,
train-57e34b7286,train,ambiguous_payment,English,True,insufficient_context,,,,
train-486ef67a9e,train,credential_impersonation,English,True,concern_detected,credential_request,,,
train-f390ffeab2,train,availability_limit,English,True,no_clear_concern,,,,
train-d165ed20b2,train,ambiguous_code,English,True,insufficient_context,,,,
train-11da1d1fc5,train,credential_impersonation,English,True,concern_detected,credential_request,,,
train-8ed6a4934c,train,secrecy_surprise,English,True,no_clear_concern,,,,
train-9f4bce3f0e,train,refusal_money,English,True,concern_detected,pressure_after_refusal,,,
train-fea41b8730,train,refusal_respected,English,True,no_clear_concern,,,,
train-5a482d5649,train,prompt_injection,English,True,concern_detected,credential_request,,,
train-e041172483,train,transport_threat,English,True,concern_detected,pressure_after_refusal|assistance_related_coercion,,,
train-46439e6543,train,refusal_respected,English,True,no_clear_concern,,,,
train-70e4fceae2,train,assistance_choice,English,True,no_clear_concern,,,,
train-52b23e0860,train,ambiguous_payment,English,True,insufficient_context,,,,
train-417eaf5372,train,secrecy_coercion,English,True,concern_detected,pressure_after_refusal|assistance_related_coercion,,,
train-fddd4bf1d2,train,credential_direct,English,True,concern_detected,credential_request,,,
train-993af42d48,train,credential_quote_benign,English,True,no_clear_concern,,,,
train-4da315e4f9,train,credential_direct,English,True,concern_detected,credential_request,,,
train-9e602e819a,train,transport_threat,English,True,concern_detected,pressure_after_refusal|assistance_related_coercion,,,
train-9b57d5d352,train,ambiguous_payment,English,True,insufficient_context,,,,
train-ee9b3d34e4,train,credential_quote_benign,English,True,no_clear_concern,,,,
train-f48fe7b622,train,transport_threat,English,True,concern_detected,pressure_after_refusal|assistance_related_coercion,,,
train-1773e574d1,train,refusal_meeting,English,True,concern_detected,pressure_after_refusal,,,
train-fb2563ca9e,train,secrecy_surprise,English,True,no_clear_concern,,,,
train-c3275c0a89,train,credential_impersonation,English,True,concern_detected,credential_request,,,
train-200de2c2dc,train,credential_direct,English,True,concern_detected,credential_request,,,
train-9f1074c3e8,train,ambiguous_payment,English,True,insufficient_context,,,,
train-4946c31ffb,train,care_threat,English,True,concern_detected,pressure_after_refusal|assistance_related_coercion,,,
train-911396cf48,train,joking_threat,English,True,no_clear_concern,,,,
train-066d7d39a8,train,assistance_choice,English,True,no_clear_concern,,,,
train-f9407b8b3a,train,ambiguous_code,English,True,insufficient_context,,,,
train-111b2d58a9,train,credential_impersonation,English,True,concern_detected,credential_request,,,
train-7f4fa1c5b8,train,secrecy_surprise,English,True,no_clear_concern,,,,
train-f515dca0c7,train,ambiguous_payment,English,True,insufficient_context,,,,
train-e7d76edf95,train,prompt_injection,English,True,concern_detected,credential_request,,,
train-995b7db818,train,joking_threat,English,True,no_clear_concern,,,,
train-2a0f6c9477,train,secrecy_surprise,English,True,no_clear_concern,,,,
train-ab74c316ac,train,refusal_respected,English,True,no_clear_concern,,,,
train-53b8850ee7,train,transport_threat,English,True,concern_detected,pressure_after_refusal|assistance_related_coercion,,,
train-ca4ea76ce9,train,refusal_respected,English,True,no_clear_concern,,,,
train-a503eaeb27,train,credential_direct,English,True,concern_detected,credential_request,,,
train-3ad7ea6b28,train,secrecy_coercion,English,True,concern_detected,pressure_after_refusal|assistance_related_coercion,,,
train-1e2845b112,train,joking_threat,English,True,no_clear_concern,,,,
train-a2ae575014,train,credential_self_action,English,True,no_clear_concern,,,,
train-f24bc7386e,train,reluctance_respected,English,True,no_clear_concern,,,,
train-af5aa0cbaf,train,refusal_respected,English,True,no_clear_concern,,,,
train-e00f7e3aa7,train,secrecy_coercion,English,True,concern_detected,pressure_after_refusal|assistance_related_coercion,,,
train-da1cda5256,train,secrecy_surprise,English,True,no_clear_concern,,,,
train-c6f58c5b71,train,credential_direct,English,True,concern_detected,credential_request,,,
train-37808e503e,train,joking_threat,English,True,no_clear_concern,,,,
train-ea7487b08d,train,credential_impersonation,English,True,concern_detected,credential_request,,,
train-542ff46775,train,prompt_injection,English,True,concern_detected,credential_request,,,
train-7a440db5cb,train,refusal_meeting,English,True,concern_detected,pressure_after_refusal,,,
train-cf53f4023d,train,transport_threat,English,True,concern_detected,pressure_after_refusal|assistance_related_coercion,,,
train-a520219c2a,train,joking_threat,English,True,no_clear_concern,,,,
train-088d962d43,train,assistance_choice,English,True,no_clear_concern,,,,
train-fb40a1f80d,train,refusal_meeting,English,True,concern_detected,pressure_after_refusal,,,
train-222789c304,train,credential_impersonation,English,True,concern_detected,credential_request,,,
train-e9c4ddeed2,train,availability_limit,English,True,no_clear_concern,,,,
train-717d3a6d36,train,refusal_respected,English,True,no_clear_concern,,,,
train-347c95558d,train,reluctance_respected,English,True,no_clear_concern,,,,
train-4bef47eeb2,train,availability_limit,English,True,no_clear_concern,,,,
train-bcda61f210,train,secrecy_coercion,English,True,concern_detected,pressure_after_refusal|assistance_related_coercion,,,
train-84f40b098c,train,refusal_meeting,English,True,concern_detected,pressure_after_refusal,,,
train-9eefc59075,train,secrecy_coercion,English,True,concern_detected,pressure_after_refusal|assistance_related_coercion,,,
train-a91a5f3016,train,ambiguous_payment,English,True,insufficient_context,,,,
train-c3b305cf98,train,care_threat,English,True,concern_detected,pressure_after_refusal|assistance_related_coercion,,,
train-ed8f765d31,train,refusal_respected,English,True,no_clear_concern,,,,
train-96724f16d8,train,refusal_meeting,English,True,concern_detected,pressure_after_refusal,,,
train-9c31ef308a,train,reluctance_respected,English,True,no_clear_concern,,,,
train-898055e77e,train,ambiguous_payment,English,True,insufficient_context,,,,
train-981ec50a24,train,availability_limit,English,True,no_clear_concern,,,,
train-323bf1d06e,train,secrecy_coercion,English,True,concern_detected,pressure_after_refusal|assistance_related_coercion,,,
train-6871db4469,train,ambiguous_payment,English,True,insufficient_context,,,,
train-5e9c00feff,train,credential_direct,English,True,concern_detected,credential_request,,,
train-da9bec917c,train,ambiguous_payment,English,True,insufficient_context,,,,
train-a312a39267,train,care_threat,English,True,concern_detected,pressure_after_refusal|assistance_related_coercion,,,
train-99a6e2dc60,train,ambiguous_code,English,True,insufficient_context,,,,
train-3e9d07e859,train,transport_threat,English,True,concern_detected,pressure_after_refusal|assistance_related_coercion,,,
train-c50cee931e,train,secrecy_coercion,English,True,concern_detected,pressure_after_refusal|assistance_related_coercion,,,
train-b71ece7a0b,train,ambiguous_payment,English,True,insufficient_context,,,,
train-75a3d530f9,train,assistance_choice,English,True,no_clear_concern,,,,
train-cdbd5ce3ec,train,availability_limit,English,True,no_clear_concern,,,,
train-ac2d2995f6,train,credential_quote_benign,English,True,no_clear_concern,,,,
train-6dd388d3c6,train,joking_threat,English,True,no_clear_concern,,,,
train-0cebbb648d,train,refusal_meeting,English,True,concern_detected,pressure_after_refusal,,,
train-dfce6f2797,train,refusal_money,English,True,concern_detected,pressure_after_refusal,,,
train-0b7162d457,train,credential_quote_benign,English,True,no_clear_concern,,,,
train-764783d394,train,refusal_money,English,True,concern_detected,pressure_after_refusal,,,
train-ee10f15d85,train,care_threat,English,True,concern_detected,pressure_after_refusal|assistance_related_coercion,,,
train-21171c8dd7,train,assistance_choice,English,True,no_clear_concern,,,,
train-f9615991c1,train,refusal_meeting,English,True,concern_detected,pressure_after_refusal,,,
train-fa8773b6c3,train,care_threat,English,True,concern_detected,pressure_after_refusal|assistance_related_coercion,,,
train-d185367f9b,train,ambiguous_payment,English,True,insufficient_context,,,,
train-74581c8508,train,reluctance_respected,English,True,no_clear_concern,,,,
train-3e6126e8b5,train,credential_quote_benign,English,True,no_clear_concern,,,,
train-652c60c0c6,train,secrecy_coercion,English,True,concern_detected,pressure_after_refusal|assistance_related_coercion,,,
train-0154f63da6,train,care_threat,English,True,concern_detected,pressure_after_refusal|assistance_related_coercion,,,
train-5e134296cd,train,credential_impersonation,English,True,concern_detected,credential_request,,,
train-c1eb22336e,train,refusal_respected,English,True,no_clear_concern,,,,
train-cad0958d41,train,ambiguous_payment,English,True,insufficient_context,,,,
train-92368ea5a0,train,prompt_injection,English,True,concern_detected,credential_request,,,
train-8179371450,train,credential_impersonation,English,True,concern_detected,credential_request,,,
train-ed978546ec,train,secrecy_surprise,English,True,no_clear_concern,,,,
train-7e7ef5502f,train,refusal_meeting,English,True,concern_detected,pressure_after_refusal,,,
train-d56d0b71b7,train,transport_threat,English,True,concern_detected,pressure_after_refusal|assistance_related_coercion,,,
train-7f894e9d1a,train,credential_self_action,English,True,no_clear_concern,,,,
train-b024cb7cc4,train,secrecy_surprise,English,True,no_clear_concern,,,,
train-62d1ca7d18,train,ambiguous_payment,English,True,insufficient_context,,,,
train-342ce4c9b9,train,credential_impersonation,English,True,concern_detected,credential_request,,,
train-b3fe12a1f9,train,secrecy_surprise,English,True,no_clear_concern,,,,
train-567d4f8b7a,train,ambiguous_code,English,True,insufficient_context,,,,
train-4641ed0e7f,train,prompt_injection,English,True,concern_detected,credential_request,,,
train-124e0ab12e,train,refusal_money,English,True,concern_detected,pressure_after_refusal,,,
train-78b1e26d01,train,refusal_respected,English,True,no_clear_concern,,,,
train-0384bbe0fe,train,assistance_choice,English,True,no_clear_concern,,,,
train-71b7ff3f6e,train,care_threat,English,True,concern_detected,pressure_after_refusal|assistance_related_coercion,,,
train-a56d57808f,train,reluctance_respected,English,True,no_clear_concern,,,,
train-2ad7c48941,train,prompt_injection,English,True,concern_detected,credential_request,,,
train-c122491898,train,credential_impersonation,English,True,concern_detected,credential_request,,,
train-cec1a5f667,train,ambiguous_code,English,True,insufficient_context,,,,
train-3f65e78820,train,secrecy_coercion,English,True,concern_detected,pressure_after_refusal|assistance_related_coercion,,,
train-b28fae068f,train,refusal_meeting,English,True,concern_detected,pressure_after_refusal,,,
train-14d415a6dd,train,credential_quote_benign,English,True,no_clear_concern,,,,
train-7695aaf8eb,train,refusal_money,English,True,concern_detected,pressure_after_refusal,,,
train-7450e44d67,train,care_threat,English,True,concern_detected,pressure_after_refusal|assistance_related_coercion,,,
train-c8c3cc3589,train,transport_threat,English,True,concern_detected,pressure_after_refusal|assistance_related_coercion,,,
train-bf37a1df25,train,assistance_choice,English,True,no_clear_concern,,,,
train-6d79c24229,train,credential_quote_benign,English,True,no_clear_concern,,,,
train-7752c98e4c,train,ambiguous_payment,English,True,insufficient_context,,,,
train-055e66161e,train,prompt_injection,English,True,concern_detected,credential_request,,,
train-cb898bba9a,train,reluctance_respected,English,True,no_clear_concern,,,,
train-f7388a4fc4,train,assistance_choice,English,True,no_clear_concern,,,,
train-7e3a97042a,train,ambiguous_payment,English,True,insufficient_context,,,,
train-699285292e,train,secrecy_surprise,English,True,no_clear_concern,,,,
train-56280f0f75,train,availability_limit,English,True,no_clear_concern,,,,
train-7c21953275,train,secrecy_coercion,English,True,concern_detected,pressure_after_refusal|assistance_related_coercion,,,
train-ef1d216b96,train,joking_threat,English,True,no_clear_concern,,,,
train-5e9d42ca63,train,availability_limit,English,True,no_clear_concern,,,,
train-83cbf5f16a,train,refusal_respected,English,True,no_clear_concern,,,,
train-40afee5243,train,credential_quote_benign,English,True,no_clear_concern,,,,
train-1f1938f06c,train,assistance_choice,English,True,no_clear_concern,,,,
train-c9cae56acd,train,ambiguous_code,English,True,insufficient_context,,,,
train-fa21e7a6f4,train,reluctance_respected,English,True,no_clear_concern,,,,
train-168cd5b3bd,train,credential_self_action,English,True,no_clear_concern,,,,
train-d051b3676c,train,transport_threat,English,True,concern_detected,pressure_after_refusal|assistance_related_coercion,,,
train-a4dd6dd286,train,credential_self_action,English,True,no_clear_concern,,,,
train-e0ff0da5f3,train,assistance_choice,English,True,no_clear_concern,,,,
train-7f8f3c896d,train,refusal_meeting,English,True,concern_detected,pressure_after_refusal,,,
train-e445ae59df,train,refusal_respected,English,True,no_clear_concern,,,,
train-1b056221a6,train,credential_quote_benign,English,True,no_clear_concern,,,,
train-c39861623f,train,prompt_injection,English,True,concern_detected,credential_request,,,
train-927b787fa2,train,credential_quote_benign,English,True,no_clear_concern,,,,
train-4b5c432aef,train,reluctance_respected,English,True,no_clear_concern,,,,
train-9592a6df02,train,secrecy_surprise,English,True,no_clear_concern,,,,
train-d7281813a5,train,transport_threat,English,True,concern_detected,pressure_after_refusal|assistance_related_coercion,,,
train-5abe0bf707,train,prompt_injection,English,True,concern_detected,credential_request,,,
train-d27e2fdae6,train,credential_impersonation,English,True,concern_detected,credential_request,,,
train-bd3a7cea1a,train,joking_threat,English,True,no_clear_concern,,,,
train-f5ad01b146,train,secrecy_coercion,English,True,concern_detected,pressure_after_refusal|assistance_related_coercion,,,
train-483a01efbc,train,refusal_meeting,English,True,concern_detected,pressure_after_refusal,,,
train-53a3edef85,train,availability_limit,English,True,no_clear_concern,,,,
train-dafc4a0689,train,credential_quote_benign,English,True,no_clear_concern,,,,
train-c723bab230,train,secrecy_surprise,English,True,no_clear_concern,,,,
train-0cc3f2b914,train,ambiguous_code,English,True,insufficient_context,,,,
train-fef9a0c615,train,transport_threat,English,True,concern_detected,pressure_after_refusal|assistance_related_coercion,,,
train-8f32eb0c4a,train,credential_quote_benign,English,True,no_clear_concern,,,,
train-184df86037,train,joking_threat,English,True,no_clear_concern,,,,
train-256da29b02,train,joking_threat,English,True,no_clear_concern,,,,
train-675a7a3457,train,care_threat,English,True,concern_detected,pressure_after_refusal|assistance_related_coercion,,,
train-b465904e25,train,availability_limit,English,True,no_clear_concern,,,,
train-c63b4d33e3,train,care_threat,English,True,concern_detected,pressure_after_refusal|assistance_related_coercion,,,
train-c42645d3cf,train,assistance_choice,English,True,no_clear_concern,,,,
train-36df7ba186,train,credential_direct,English,True,concern_detected,credential_request,,,
train-d2a35b0cf3,train,credential_quote_benign,English,True,no_clear_concern,,,,
train-7f08a53cb3,train,credential_direct,English,True,concern_detected,credential_request,,,
train-64487fcb3c,train,assistance_choice,English,True,no_clear_concern,,,,
train-5976c6df46,train,transport_threat,English,True,concern_detected,pressure_after_refusal|assistance_related_coercion,,,
train-e755d25afe,train,secrecy_coercion,English,True,concern_detected,pressure_after_refusal|assistance_related_coercion,,,
train-5b1c4e2d27,train,joking_threat,English,True,no_clear_concern,,,,
train-d877cc7a59,train,assistance_choice,English,True,no_clear_concern,,,,
train-563f5903b8,train,credential_direct,English,True,concern_detected,credential_request,,,
train-e38d65413c,train,refusal_money,English,True,concern_detected,pressure_after_refusal,,,
train-c71c01324b,train,prompt_injection,English,True,concern_detected,credential_request,,,
train-ab0aba4d14,train,ambiguous_payment,English,True,insufficient_context,,,,
train-e7ec80f3cd,train,refusal_money,English,True,concern_detected,pressure_after_refusal,,,
train-0895b80291,train,credential_self_action,English,True,no_clear_concern,,,,
train-cd351b7cd4,train,ambiguous_code,English,True,insufficient_context,,,,
train-a616d7e14e,train,credential_direct,English,True,concern_detected,credential_request,,,
train-d2611ba07b,train,prompt_injection,English,True,concern_detected,credential_request,,,
train-85edaecdf5,train,secrecy_surprise,English,True,no_clear_concern,,,,
train-57924a9b54,train,secrecy_coercion,English,True,concern_detected,pressure_after_refusal|assistance_related_coercion,,,
train-4a7ac1b333,train,ambiguous_code,English,True,insufficient_context,,,,
train-512948da99,train,credential_self_action,English,True,no_clear_concern,,,,
train-4a9e5ff908,train,availability_limit,English,True,no_clear_concern,,,,
train-cdd7e0b2ac,train,refusal_respected,English,True,no_clear_concern,,,,
train-e06b75489d,train,assistance_choice,English,True,no_clear_concern,,,,
train-f742ffba63,train,credential_self_action,English,True,no_clear_concern,,,,
train-19c80d0e80,train,prompt_injection,English,True,concern_detected,credential_request,,,
train-8d7ddee65b,train,assistance_choice,English,True,no_clear_concern,,,,
train-42685f87f7,train,secrecy_surprise,English,True,no_clear_concern,,,,
train-77f2617eb9,train,credential_quote_benign,English,True,no_clear_concern,,,,
train-9de03f8e4b,train,care_threat,English,True,concern_detected,pressure_after_refusal|assistance_related_coercion,,,
train-cc7081ce96,train,ambiguous_code,English,True,insufficient_context,,,,
train-5f42f58136,train,secrecy_surprise,English,True,no_clear_concern,,,,
train-a675a8ba6c,train,assistance_choice,English,True,no_clear_concern,,,,
train-af83a5dad6,train,availability_limit,English,True,no_clear_concern,,,,
train-8746866250,train,prompt_injection,English,True,concern_detected,credential_request,,,
train-e4ca644583,train,credential_self_action,English,True,no_clear_concern,,,,
train-afd338b4ae,train,prompt_injection,English,True,concern_detected,credential_request,,,
train-6deaf6a3a9,train,credential_impersonation,English,True,concern_detected,credential_request,,,
train-01fbe1756e,train,ambiguous_payment,English,True,insufficient_context,,,,
train-d763c367c4,train,transport_threat,English,True,concern_detected,pressure_after_refusal|assistance_related_coercion,,,
train-d81484a5ac,train,prompt_injection,English,True,concern_detected,credential_request,,,
train-a56729a944,train,refusal_respected,English,True,no_clear_concern,,,,
train-c034f96bd4,train,prompt_injection,English,True,concern_detected,credential_request,,,
train-eefcc8a99d,train,credential_impersonation,English,True,concern_detected,credential_request,,,
train-afc2930db2,train,ambiguous_code,English,True,insufficient_context,,,,
train-2539216a65,train,care_threat,English,True,concern_detected,pressure_after_refusal|assistance_related_coercion,,,
train-c3589be35f,train,secrecy_surprise,English,True,no_clear_concern,,,,
train-99aa40daa8,train,refusal_money,English,True,concern_detected,pressure_after_refusal,,,
train-137a96479c,train,ambiguous_code,English,True,insufficient_context,,,,
train-cae82bf02f,train,transport_threat,English,True,concern_detected,pressure_after_refusal|assistance_related_coercion,,,
train-2d7f72fe2e,train,ambiguous_code,English,True,insufficient_context,,,,
train-11b74ce44f,train,refusal_money,English,True,concern_detected,pressure_after_refusal,,,
train-a660107d45,train,prompt_injection,English,True,concern_detected,credential_request,,,
train-bb591d9c6d,train,refusal_money,English,True,concern_detected,pressure_after_refusal,,,
train-e3d626eefd,train,ambiguous_payment,English,True,insufficient_context,,,,
train-b270c34230,train,refusal_meeting,English,True,concern_detected,pressure_after_refusal,,,
train-9343f342fc,train,refusal_money,English,True,concern_detected,pressure_after_refusal,,,
train-335dbd6b4d,train,reluctance_respected,English,True,no_clear_concern,,,,
train-f62bff1965,train,secrecy_coercion,English,True,concern_detected,pressure_after_refusal|assistance_related_coercion,,,
train-a84c7f32b1,train,ambiguous_code,English,True,insufficient_context,,,,
train-2c311e86f6,train,joking_threat,English,True,no_clear_concern,,,,
train-4cbe23062f,train,credential_quote_benign,English,True,no_clear_concern,,,,
train-dcb122bf15,train,joking_threat,English,True,no_clear_concern,,,,
train-82fb3c3c03,train,transport_threat,English,True,concern_detected,pressure_after_refusal|assistance_related_coercion,,,
train-26041216ea,train,credential_self_action,English,True,no_clear_concern,,,,
train-28d950a12b,train,transport_threat,English,True,concern_detected,pressure_after_refusal|assistance_related_coercion,,,
train-31ad465d45,train,assistance_choice,English,True,no_clear_concern,,,,
train-cad1e463ab,train,care_threat,English,True,concern_detected,pressure_after_refusal|assistance_related_coercion,,,
train-bd754965f1,train,availability_limit,English,True,no_clear_concern,,,,
train-11bcb4c8d5,train,ambiguous_code,English,True,insufficient_context,,,,
train-bf96898d9a,train,secrecy_coercion,English,True,concern_detected,pressure_after_refusal|assistance_related_coercion,,,
train-43769d0a5e,train,ambiguous_payment,English,True,insufficient_context,,,,
train-44b35f22f9,train,secrecy_coercion,English,True,concern_detected,pressure_after_refusal|assistance_related_coercion,,,
train-fd1c0d4a96,train,prompt_injection,English,True,concern_detected,credential_request,,,
train-e5966bacff,train,joking_threat,English,True,no_clear_concern,,,,
train-3867ae148e,train,credential_direct,English,True,concern_detected,credential_request,,,
train-62308644ab,train,secrecy_surprise,English,True,no_clear_concern,,,,
train-a2628337c6,train,reluctance_respected,English,True,no_clear_concern,,,,
train-e1c0ba0246,train,ambiguous_code,English,True,insufficient_context,,,,
train-ec55fc24de,train,ambiguous_code,English,True,insufficient_context,,,,
train-877fcc3e34,train,credential_direct,English,True,concern_detected,credential_request,,,
train-f55c80bb72,train,prompt_injection,English,True,concern_detected,credential_request,,,
train-fb2c800a2b,train,secrecy_surprise,English,True,no_clear_concern,,,,
train-3d16bd8317,train,refusal_money,English,True,concern_detected,pressure_after_refusal,,,
train-97a88d3bc8,train,secrecy_coercion,English,True,concern_detected,pressure_after_refusal|assistance_related_coercion,,,
train-ccd693108c,train,credential_direct,English,True,concern_detected,credential_request,,,
train-4386b86584,train,credential_direct,English,True,concern_detected,credential_request,,,
train-c7a9520e94,train,credential_impersonation,English,True,concern_detected,credential_request,,,
train-9d60a43c0e,train,care_threat,English,True,concern_detected,pressure_after_refusal|assistance_related_coercion,,,
train-81e041f6ee,train,ambiguous_code,English,True,insufficient_context,,,,
train-9b5a57d124,train,credential_impersonation,English,True,concern_detected,credential_request,,,
train-f6b6f79e82,train,reluctance_respected,English,True,no_clear_concern,,,,
train-446cc0901f,train,care_threat,English,True,concern_detected,pressure_after_refusal|assistance_related_coercion,,,
train-748fa8d085,train,secrecy_surprise,English,True,no_clear_concern,,,,
train-a9a6d4c506,train,refusal_respected,English,True,no_clear_concern,,,,
train-decc8db8a6,train,credential_impersonation,English,True,concern_detected,credential_request,,,
train-8f0922eaf4,train,credential_impersonation,English,True,concern_detected,credential_request,,,
train-5b7627bcb6,train,credential_self_action,English,True,no_clear_concern,,,,
train-b612db8fe2,train,refusal_meeting,English,True,concern_detected,pressure_after_refusal,,,
train-9aba6c0431,train,refusal_money,English,True,concern_detected,pressure_after_refusal,,,
train-7173d5e60d,train,availability_limit,English,True,no_clear_concern,,,,
train-d988f86e20,train,availability_limit,English,True,no_clear_concern,,,,
train-5c8633c5de,train,secrecy_coercion,English,True,concern_detected,pressure_after_refusal|assistance_related_coercion,,,
train-3277e9f66c,train,joking_threat,English,True,no_clear_concern,,,,
train-1ba2f0e862,train,refusal_money,English,True,concern_detected,pressure_after_refusal,,,
train-b74fa1f68a,train,credential_quote_benign,English,True,no_clear_concern,,,,
train-6e6d7ac1c6,train,credential_self_action,English,True,no_clear_concern,,,,
train-0fdab9d7df,train,secrecy_surprise,English,True,no_clear_concern,,,,
train-907f34d643,train,ambiguous_code,English,True,insufficient_context,,,,
train-d489d79760,train,refusal_meeting,English,True,concern_detected,pressure_after_refusal,,,
train-55571b1996,train,refusal_meeting,English,True,concern_detected,pressure_after_refusal,,,
train-410c0638d9,train,refusal_meeting,English,True,concern_detected,pressure_after_refusal,,,
train-ca10cfebc2,train,secrecy_coercion,English,True,concern_detected,pressure_after_refusal|assistance_related_coercion,,,
train-6e81c7ede0,train,availability_limit,English,True,no_clear_concern,,,,
train-57e3b6ee75,train,ambiguous_code,English,True,insufficient_context,,,,
train-5529479596,train,credential_quote_benign,English,True,no_clear_concern,,,,
train-3bf0e78af6,train,availability_limit,English,True,no_clear_concern,,,,
train-78edc01442,train,availability_limit,English,True,no_clear_concern,,,,
train-821faec687,train,care_threat,English,True,concern_detected,pressure_after_refusal|assistance_related_coercion,,,
train-7d22ec7668,train,refusal_meeting,English,True,concern_detected,pressure_after_refusal,,,
train-c32551fdb4,train,ambiguous_code,English,True,insufficient_context,,,,
train-12f1caf7e5,train,ambiguous_code,English,True,insufficient_context,,,,
train-b24ea8ddf1,train,credential_self_action,English,True,no_clear_concern,,,,
train-ba9866f1e4,train,credential_quote_benign,English,True,no_clear_concern,,,,
train-eb9360d991,train,refusal_money,English,True,concern_detected,pressure_after_refusal,,,
train-5ffe4ce335,train,secrecy_coercion,English,True,concern_detected,pressure_after_refusal|assistance_related_coercion,,,
train-11ce9a550b,train,care_threat,English,True,concern_detected,pressure_after_refusal|assistance_related_coercion,,,
train-0d5168d96b,train,refusal_money,English,True,concern_detected,pressure_after_refusal,,,
train-252b0fe3ef,train,ambiguous_payment,English,True,insufficient_context,,,,
train-b237f84d1c,train,care_threat,English,True,concern_detected,pressure_after_refusal|assistance_related_coercion,,,
train-449513db7a,train,credential_self_action,English,True,no_clear_concern,,,,
train-2b7c30d4cd,train,care_threat,English,True,concern_detected,pressure_after_refusal|assistance_related_coercion,,,
train-7bb02cadd6,train,refusal_respected,English,True,no_clear_concern,,,,
train-d6536a795d,train,secrecy_coercion,English,True,concern_detected,pressure_after_refusal|assistance_related_coercion,,,
train-1aee97ea28,train,ambiguous_payment,English,True,insufficient_context,,,,
train-c2af562857,train,credential_self_action,English,True,no_clear_concern,,,,
train-bddf22d42f,train,refusal_respected,English,True,no_clear_concern,,,,
train-fdf3179401,train,reluctance_respected,English,True,no_clear_concern,,,,
train-fd48e8f7ee,train,joking_threat,English,True,no_clear_concern,,,,
train-4327a46026,train,refusal_meeting,English,True,concern_detected,pressure_after_refusal,,,
train-8f304e15fc,train,transport_threat,English,True,concern_detected,pressure_after_refusal|assistance_related_coercion,,,
train-c5f657cd50,train,joking_threat,English,True,no_clear_concern,,,,
train-a457fc800f,train,secrecy_surprise,English,True,no_clear_concern,,,,
train-512b166b8a,train,reluctance_respected,English,True,no_clear_concern,,,,
train-89ffd11e36,train,refusal_meeting,English,True,concern_detected,pressure_after_refusal,,,
train-4e3c0671b0,train,credential_direct,English,True,concern_detected,credential_request,,,
train-ced35997e6,train,credential_impersonation,English,True,concern_detected,credential_request,,,
train-45cd707530,train,credential_impersonation,English,True,concern_detected,credential_request,,,
train-f05758ff70,train,reluctance_respected,English,True,no_clear_concern,,,,
train-0ccc625a17,train,assistance_choice,English,True,no_clear_concern,,,,
train-7266672922,train,care_threat,English,True,concern_detected,pressure_after_refusal|assistance_related_coercion,,,
train-82d8d17547,train,transport_threat,English,True,concern_detected,pressure_after_refusal|assistance_related_coercion,,,
train-1796578d5d,train,transport_threat,English,True,concern_detected,pressure_after_refusal|assistance_related_coercion,,,
train-d716448cd8,train,refusal_meeting,English,True,concern_detected,pressure_after_refusal,,,
train-2db10a54e5,train,refusal_meeting,English,True,concern_detected,pressure_after_refusal,,,
train-17d4c1b543,train,availability_limit,English,True,no_clear_concern,,,,
train-5bea491901,train,assistance_choice,English,True,no_clear_concern,,,,
train-8219951dc2,train,availability_limit,English,True,no_clear_concern,,,,
train-e4322e4743,train,ambiguous_code,English,True,insufficient_context,,,,
train-589d38636a,train,refusal_respected,English,True,no_clear_concern,,,,
train-8cacbfc348,train,credential_direct,English,True,concern_detected,credential_request,,,
train-8f11ea20a2,train,ambiguous_payment,English,True,insufficient_context,,,,
train-a3de5c03c7,train,credential_self_action,English,True,no_clear_concern,,,,
train-75b492cc91,train,joking_threat,English,True,no_clear_concern,,,,
train-742cd2c83f,train,credential_self_action,English,True,no_clear_concern,,,,
train-8d80e157a9,train,credential_direct,English,True,concern_detected,credential_request,,,
train-10db398edb,train,assistance_choice,English,True,no_clear_concern,,,,
train-dce57de746,train,secrecy_coercion,English,True,concern_detected,pressure_after_refusal|assistance_related_coercion,,,
train-65dea27f8b,train,refusal_respected,English,True,no_clear_concern,,,,
train-5eeef2a4b7,train,secrecy_coercion,English,True,concern_detected,pressure_after_refusal|assistance_related_coercion,,,
train-d592167933,train,secrecy_surprise,English,True,no_clear_concern,,,,
train-c550cee123,train,reluctance_respected,English,True,no_clear_concern,,,,
train-3d049bd8f2,train,ambiguous_code,English,True,insufficient_context,,,,
train-d6028a0ae8,train,ambiguous_code,English,True,insufficient_context,,,,
train-3546e74e2e,train,secrecy_surprise,English,True,no_clear_concern,,,,
train-11c386481f,train,prompt_injection,English,True,concern_detected,credential_request,,,
train-12071e3606,train,credential_impersonation,English,True,concern_detected,credential_request,,,
train-b89129272e,train,ambiguous_payment,English,True,insufficient_context,,,,
train-974fc7941d,train,assistance_choice,English,True,no_clear_concern,,,,
train-ec345711ad,train,secrecy_surprise,English,True,no_clear_concern,,,,
train-ec0e109fe6,train,credential_self_action,English,True,no_clear_concern,,,,
train-06f817f90a,train,reluctance_respected,English,True,no_clear_concern,,,,
train-18dd848c7a,train,ambiguous_payment,English,True,insufficient_context,,,,
train-14395723cc,train,care_threat,English,True,concern_detected,pressure_after_refusal|assistance_related_coercion,,,
train-c1129054fd,train,assistance_choice,English,True,no_clear_concern,,,,
train-5e287f722e,train,credential_self_action,English,True,no_clear_concern,,,,
train-00b65d9970,train,secrecy_surprise,English,True,no_clear_concern,,,,
train-f200587e52,train,credential_direct,English,True,concern_detected,credential_request,,,
train-09a0f5d6ad,train,credential_impersonation,English,True,concern_detected,credential_request,,,
train-9e374ae284,train,joking_threat,English,True,no_clear_concern,,,,
train-61ce19db53,train,prompt_injection,English,True,concern_detected,credential_request,,,
train-9f4e9f46f1,train,credential_direct,English,True,concern_detected,credential_request,,,
train-b0adbd4030,train,credential_impersonation,English,True,concern_detected,credential_request,,,
train-056cad4504,train,refusal_money,English,True,concern_detected,pressure_after_refusal,,,
train-e5c668d5f0,train,credential_direct,English,True,concern_detected,credential_request,,,
train-5fa08f7aca,train,refusal_meeting,English,True,concern_detected,pressure_after_refusal,,,
train-fb686fad28,train,credential_impersonation,English,True,concern_detected,credential_request,,,
train-152074a73d,train,prompt_injection,English,True,concern_detected,credential_request,,,
train-99098e1755,train,refusal_meeting,English,True,concern_detected,pressure_after_refusal,,,
train-c5b6ae6f39,train,reluctance_respected,English,True,no_clear_concern,,,,
train-c1b9e9dd7a,train,prompt_injection,English,True,concern_detected,credential_request,,,
train-5f4d28e4ca,train,transport_threat,English,True,concern_detected,pressure_after_refusal|assistance_related_coercion,,,
train-e28c02a157,train,credential_impersonation,English,True,concern_detected,credential_request,,,
train-143197f775,train,transport_threat,English,True,concern_detected,pressure_after_refusal|assistance_related_coercion,,,
train-599cea46cf,train,secrecy_surprise,English,True,no_clear_concern,,,,
train-87f5277a65,train,transport_threat,English,True,concern_detected,pressure_after_refusal|assistance_related_coercion,,,
train-30612fece6,train,secrecy_coercion,English,True,concern_detected,pressure_after_refusal|assistance_related_coercion,,,
train-ad7b585cd9,train,credential_self_action,English,True,no_clear_concern,,,,
train-d6dee37f86,train,refusal_meeting,English,True,concern_detected,pressure_after_refusal,,,
train-a49151c488,train,reluctance_respected,English,True,no_clear_concern,,,,
train-b85c6cfd5a,train,refusal_money,English,True,concern_detected,pressure_after_refusal,,,
train-821059fc61,train,refusal_respected,English,True,no_clear_concern,,,,
train-603d83aa60,train,joking_threat,English,True,no_clear_concern,,,,
train-5270b4c06c,train,credential_quote_benign,English,True,no_clear_concern,,,,
train-c9fb35105b,train,prompt_injection,English,True,concern_detected,credential_request,,,
train-f749037a91,train,ambiguous_code,English,True,insufficient_context,,,,
train-61e4c2db2b,train,reluctance_respected,English,True,no_clear_concern,,,,
train-195a63383d,train,transport_threat,English,True,concern_detected,pressure_after_refusal|assistance_related_coercion,,,
train-a127bae4fb,train,ambiguous_code,English,True,insufficient_context,,,,
train-222155b2e4,train,reluctance_respected,English,True,no_clear_concern,,,,
train-a50c61c2e7,train,care_threat,English,True,concern_detected,pressure_after_refusal|assistance_related_coercion,,,
train-970ffcade1,train,refusal_meeting,English,True,concern_detected,pressure_after_refusal,,,
train-2489c4db30,train,assistance_choice,English,True,no_clear_concern,,,,
train-05791e4a59,train,credential_impersonation,English,True,concern_detected,credential_request,,,
train-0bf36d8aa8,train,refusal_respected,English,True,no_clear_concern,,,,
train-852b073c92,train,refusal_respected,English,True,no_clear_concern,,,,
train-b8da024b00,train,credential_self_action,English,True,no_clear_concern,,,,
train-e97e0dd31c,train,credential_self_action,English,True,no_clear_concern,,,,
train-312912283b,train,availability_limit,English,True,no_clear_concern,,,,
train-8bde173632,train,joking_threat,English,True,no_clear_concern,,,,
train-7b8f1863e2,train,credential_self_action,English,True,no_clear_concern,,,,
train-1a4bc19871,train,availability_limit,English,True,no_clear_concern,,,,
train-4218518c1f,train,refusal_meeting,English,True,concern_detected,pressure_after_refusal,,,
train-b30eef2f15,train,assistance_choice,English,True,no_clear_concern,,,,
train-7a2f218b3b,train,availability_limit,English,True,no_clear_concern,,,,
train-f001f037a2,train,secrecy_surprise,English,True,no_clear_concern,,,,
train-7a80806622,train,credential_impersonation,English,True,concern_detected,credential_request,,,
train-6bc4e673d7,train,refusal_money,English,True,concern_detected,pressure_after_refusal,,,
train-71a3e6c578,train,care_threat,English,True,concern_detected,pressure_after_refusal|assistance_related_coercion,,,
validation-b14a59e76a,validation,pin_description,English,True,no_clear_concern,,,,
validation-91dd3b4d67,validation,repeated_location,English,True,concern_detected,pressure_after_refusal,,,
validation-a5de9f3ca9,validation,repeated_location,English,True,concern_detected,pressure_after_refusal,,,
validation-189e63f4ca,validation,unclear_repayment,English,True,insufficient_context,,,,
validation-c591fa3a36,validation,repeated_location,English,True,concern_detected,pressure_after_refusal,,,
validation-9154cf4321,validation,interpreter_threat,English,True,concern_detected,pressure_after_refusal|assistance_related_coercion,,,
validation-3f3f4e7445,validation,credential_friend,English,True,concern_detected,credential_request,,,
validation-04db84ef6b,validation,credential_friend,English,True,concern_detected,credential_request,,,
validation-cdf33c70da,validation,unclear_repayment,English,True,insufficient_context,,,,
validation-4fa80ab943,validation,repeated_location,English,True,concern_detected,pressure_after_refusal,,,
validation-d62c5b09d7,validation,unclear_repayment,English,True,insufficient_context,,,,
validation-656c9a94c0,validation,credential_friend,English,True,concern_detected,credential_request,,,
validation-5379ca0783,validation,unclear_repayment,English,True,insufficient_context,,,,
validation-d35cb4b6a5,validation,interpreter_threat,English,True,concern_detected,pressure_after_refusal|assistance_related_coercion,,,
validation-20bd221778,validation,pin_description,English,True,no_clear_concern,,,,
validation-8ca59c5b67,validation,unclear_repayment,English,True,insufficient_context,,,,
validation-4944298739,validation,repeated_location,English,True,concern_detected,pressure_after_refusal,,,
validation-22367ecea4,validation,unclear_repayment,English,True,insufficient_context,,,,
validation-331b9c8889,validation,repeated_location,English,True,concern_detected,pressure_after_refusal,,,
validation-a06df57c4e,validation,pin_description,English,True,no_clear_concern,,,,
validation-74cd2a6605,validation,interpreter_threat,English,True,concern_detected,pressure_after_refusal|assistance_related_coercion,,,
validation-3e9d724c69,validation,interpreter_threat,English,True,concern_detected,pressure_after_refusal|assistance_related_coercion,,,
validation-77885f7d37,validation,pin_description,English,True,no_clear_concern,,,,
validation-66fdcb014f,validation,unclear_repayment,English,True,insufficient_context,,,,
validation-edd4b8ac9c,validation,interpreter_threat,English,True,concern_detected,pressure_after_refusal|assistance_related_coercion,,,
validation-a0b02ed5eb,validation,repeated_location,English,True,concern_detected,pressure_after_refusal,,,
validation-bc3c42a0c9,validation,credential_friend,English,True,concern_detected,credential_request,,,
validation-91c9aabd3f,validation,interpreter_threat,English,True,concern_detected,pressure_after_refusal|assistance_related_coercion,,,
validation-3f455035b6,validation,pin_description,English,True,no_clear_concern,,,,
validation-0cde1773da,validation,pin_description,English,True,no_clear_concern,,,,
validation-bd6e78f68a,validation,pin_description,English,True,no_clear_concern,,,,
validation-f87402e8e9,validation,repeated_location,English,True,concern_detected,pressure_after_refusal,,,
validation-3fe680a6d0,validation,unclear_repayment,English,True,insufficient_context,,,,
validation-87779b1532,validation,repeated_location,English,True,concern_detected,pressure_after_refusal,,,
validation-f117020445,validation,interpreter_threat,English,True,concern_detected,pressure_after_refusal|assistance_related_coercion,,,
validation-52a4473a51,validation,interpreter_threat,English,True,concern_detected,pressure_after_refusal|assistance_related_coercion,,,
validation-2768251baa,validation,credential_friend,English,True,concern_detected,credential_request,,,
validation-b40890bc4f,validation,interpreter_threat,English,True,concern_detected,pressure_after_refusal|assistance_related_coercion,,,
validation-b41fe3cc43,validation,credential_friend,English,True,concern_detected,credential_request,,,
validation-216a0dc20f,validation,repeated_location,English,True,concern_detected,pressure_after_refusal,,,
validation-9f1a404901,validation,repeated_location,English,True,concern_detected,pressure_after_refusal,,,
validation-44e5ed77ad,validation,pin_description,English,True,no_clear_concern,,,,
validation-d223e00355,validation,repeated_location,English,True,concern_detected,pressure_after_refusal,,,
validation-a24927daa3,validation,unclear_repayment,English,True,insufficient_context,,,,
validation-0ef7680ae9,validation,repeated_location,English,True,concern_detected,pressure_after_refusal,,,
validation-b13a271329,validation,credential_friend,English,True,concern_detected,credential_request,,,
validation-05189629ed,validation,pin_description,English,True,no_clear_concern,,,,
validation-c64b543866,validation,interpreter_threat,English,True,concern_detected,pressure_after_refusal|assistance_related_coercion,,,
validation-c634eecad0,validation,interpreter_threat,English,True,concern_detected,pressure_after_refusal|assistance_related_coercion,,,
validation-bd1392e902,validation,pin_description,English,True,no_clear_concern,,,,
validation-9d511bbc03,validation,repeated_location,English,True,concern_detected,pressure_after_refusal,,,
validation-bf9b155a79,validation,credential_friend,English,True,concern_detected,credential_request,,,
validation-4d54c5f060,validation,interpreter_threat,English,True,concern_detected,pressure_after_refusal|assistance_related_coercion,,,
validation-897cc11a89,validation,pin_description,English,True,no_clear_concern,,,,
validation-5f6d86e82b,validation,repeated_location,English,True,concern_detected,pressure_after_refusal,,,
validation-f36d0e1440,validation,credential_friend,English,True,concern_detected,credential_request,,,
validation-84ccd15408,validation,unclear_repayment,English,True,insufficient_context,,,,
validation-e89712c9f1,validation,unclear_repayment,English,True,insufficient_context,,,,
validation-795ecc1904,validation,credential_friend,English,True,concern_detected,credential_request,,,
validation-0c097ab317,validation,unclear_repayment,English,True,insufficient_context,,,,
validation-f0a82c1afd,validation,pin_description,English,True,no_clear_concern,,,,
validation-ce7fedba90,validation,credential_friend,English,True,concern_detected,credential_request,,,
validation-4ed091778b,validation,pin_description,English,True,no_clear_concern,,,,
validation-75bdaf5e42,validation,interpreter_threat,English,True,concern_detected,pressure_after_refusal|assistance_related_coercion,,,
validation-1d5cf25c96,validation,repeated_location,English,True,concern_detected,pressure_after_refusal,,,
validation-924dbc9079,validation,interpreter_threat,English,True,concern_detected,pressure_after_refusal|assistance_related_coercion,,,
validation-19ed41ba82,validation,credential_friend,English,True,concern_detected,credential_request,,,
validation-c6428fe408,validation,credential_friend,English,True,concern_detected,credential_request,,,
validation-a9337e2219,validation,unclear_repayment,English,True,insufficient_context,,,,
validation-959acdfc95,validation,repeated_location,English,True,concern_detected,pressure_after_refusal,,,
validation-e1568b8afa,validation,pin_description,English,True,no_clear_concern,,,,
validation-4cd40a853a,validation,interpreter_threat,English,True,concern_detected,pressure_after_refusal|assistance_related_coercion,,,
validation-8269889dca,validation,unclear_repayment,English,True,insufficient_context,,,,
validation-be45dcce3c,validation,repeated_location,English,True,concern_detected,pressure_after_refusal,,,
validation-2b5bc0985b,validation,unclear_repayment,English,True,insufficient_context,,,,
validation-0043faf938,validation,pin_description,English,True,no_clear_concern,,,,
validation-816e5e1418,validation,credential_friend,English,True,concern_detected,credential_request,,,
validation-d0c2f3bf7d,validation,pin_description,English,True,no_clear_concern,,,,
validation-8b35fb05b6,validation,unclear_repayment,English,True,insufficient_context,,,,
validation-4b85ec862d,validation,credential_friend,English,True,concern_detected,credential_request,,,
validation-2fdcc31a43,validation,pin_description,English,True,no_clear_concern,,,,
validation-2b4cf00218,validation,unclear_repayment,English,True,insufficient_context,,,,
validation-c57db04941,validation,unclear_repayment,English,True,insufficient_context,,,,
validation-86bc795ca1,validation,repeated_location,English,True,concern_detected,pressure_after_refusal,,,
validation-d15efce22f,validation,interpreter_threat,English,True,concern_detected,pressure_after_refusal|assistance_related_coercion,,,
validation-7d171e475c,validation,unclear_repayment,English,True,insufficient_context,,,,
validation-83ee81e02b,validation,credential_friend,English,True,concern_detected,credential_request,,,
validation-892c5e6629,validation,pin_description,English,True,no_clear_concern,,,,
validation-0e860a1cdf,validation,interpreter_threat,English,True,concern_detected,pressure_after_refusal|assistance_related_coercion,,,
validation-6fd35e5dda,validation,unclear_repayment,English,True,insufficient_context,,,,
validation-2ffa5c908d,validation,credential_friend,English,True,concern_detected,credential_request,,,
validation-e424e78f02,validation,unclear_repayment,English,True,insufficient_context,,,,
validation-afb5b699d2,validation,unclear_repayment,English,True,insufficient_context,,,,
validation-0efa89c566,validation,repeated_location,English,True,concern_detected,pressure_after_refusal,,,
validation-ca97dab30f,validation,interpreter_threat,English,True,concern_detected,pressure_after_refusal|assistance_related_coercion,,,
validation-73972f9d21,validation,unclear_repayment,English,True,insufficient_context,,,,
validation-88b235a407,validation,pin_description,English,True,no_clear_concern,,,,
validation-d99371aa22,validation,credential_friend,English,True,concern_detected,credential_request,,,
validation-7dc99906be,validation,pin_description,English,True,no_clear_concern,,,,
validation-2888217858,validation,pin_description,English,True,no_clear_concern,,,,
validation-3970540632,validation,pin_description,English,True,no_clear_concern,,,,
validation-6b665c91bb,validation,interpreter_threat,English,True,concern_detected,pressure_after_refusal|assistance_related_coercion,,,
validation-17430ce3cb,validation,interpreter_threat,English,True,concern_detected,pressure_after_refusal|assistance_related_coercion,,,
validation-8560d1f1bd,validation,pin_description,English,True,no_clear_concern,,,,
validation-10a367e6b7,validation,unclear_repayment,English,True,insufficient_context,,,,
validation-1213fc1202,validation,credential_friend,English,True,concern_detected,credential_request,,,
validation-0e3fcb6706,validation,pin_description,English,True,no_clear_concern,,,,
validation-a3e13ce66f,validation,credential_friend,English,True,concern_detected,credential_request,,,
validation-0602caef82,validation,credential_friend,English,True,concern_detected,credential_request,,,
validation-36a5447fcd,validation,pin_description,English,True,no_clear_concern,,,,
validation-7440644c31,validation,pin_description,English,True,no_clear_concern,,,,
validation-4fe003159f,validation,interpreter_threat,English,True,concern_detected,pressure_after_refusal|assistance_related_coercion,,,
validation-76fe65f727,validation,interpreter_threat,English,True,concern_detected,pressure_after_refusal|assistance_related_coercion,,,
validation-5ecd98ae81,validation,unclear_repayment,English,True,insufficient_context,,,,
validation-ff9ac54b4d,validation,credential_friend,English,True,concern_detected,credential_request,,,
validation-1a50f234e2,validation,pin_description,English,True,no_clear_concern,,,,
validation-8ac51bef6a,validation,credential_friend,English,True,concern_detected,credential_request,,,
validation-e79382a983,validation,credential_friend,English,True,concern_detected,credential_request,,,
validation-819dac21b1,validation,interpreter_threat,English,True,concern_detected,pressure_after_refusal|assistance_related_coercion,,,
validation-e049228098,validation,interpreter_threat,English,True,concern_detected,pressure_after_refusal|assistance_related_coercion,,,
validation-aab46054e7,validation,repeated_location,English,True,concern_detected,pressure_after_refusal,,,
validation-b1e1e90f83,validation,pin_description,English,True,no_clear_concern,,,,
validation-b2f0fd0401,validation,credential_friend,English,True,concern_detected,credential_request,,,
validation-a586a86065,validation,pin_description,English,True,no_clear_concern,,,,
validation-593163f6c0,validation,repeated_location,English,True,concern_detected,pressure_after_refusal,,,
validation-9e6dd2729e,validation,unclear_repayment,English,True,insufficient_context,,,,
validation-e893d375e6,validation,unclear_repayment,English,True,insufficient_context,,,,
validation-1b4ef2c20a,validation,credential_friend,English,True,concern_detected,credential_request,,,
validation-0eb87a7827,validation,unclear_repayment,English,True,insufficient_context,,,,
validation-e3e95d00e8,validation,repeated_location,English,True,concern_detected,pressure_after_refusal,,,
validation-e7ca46440e,validation,repeated_location,English,True,concern_detected,pressure_after_refusal,,,
validation-fc19fe1778,validation,repeated_location,English,True,concern_detected,pressure_after_refusal,,,
validation-181a2b69cb,validation,unclear_repayment,English,True,insufficient_context,,,,
validation-19d5418438,validation,credential_friend,English,True,concern_detected,credential_request,,,
validation-5dc3424820,validation,unclear_repayment,English,True,insufficient_context,,,,
validation-86da6932ff,validation,pin_description,English,True,no_clear_concern,,,,
validation-c5f0a5cecb,validation,repeated_location,English,True,concern_detected,pressure_after_refusal,,,
validation-40810c0006,validation,interpreter_threat,English,True,concern_detected,pressure_after_refusal|assistance_related_coercion,,,
validation-7b0427707e,validation,pin_description,English,True,no_clear_concern,,,,
validation-b1e5cb036d,validation,repeated_location,English,True,concern_detected,pressure_after_refusal,,,
validation-1c8ed22c86,validation,interpreter_threat,English,True,concern_detected,pressure_after_refusal|assistance_related_coercion,,,
validation-4c0c64e350,validation,repeated_location,English,True,concern_detected,pressure_after_refusal,,,
validation-d900c7192e,validation,interpreter_threat,English,True,concern_detected,pressure_after_refusal|assistance_related_coercion,,,
validation-054bb1812b,validation,credential_friend,English,True,concern_detected,credential_request,,,
validation-5ffe395a61,validation,repeated_location,English,True,concern_detected,pressure_after_refusal,,,
validation-1319397a57,validation,repeated_location,English,True,concern_detected,pressure_after_refusal,,,
validation-fc601c083a,validation,credential_friend,English,True,concern_detected,credential_request,,,
validation-015ef1ea6d,validation,credential_friend,English,True,concern_detected,credential_request,,,
validation-b9987f7ef5,validation,interpreter_threat,English,True,concern_detected,pressure_after_refusal|assistance_related_coercion,,,
validation-90764ab17c,validation,unclear_repayment,English,True,insufficient_context,,,,
validation-321f503b9d,validation,credential_friend,English,True,concern_detected,credential_request,,,
validation-03b72bd8db,validation,interpreter_threat,English,True,concern_detected,pressure_after_refusal|assistance_related_coercion,,,
validation-e64c747f2f,validation,repeated_location,English,True,concern_detected,pressure_after_refusal,,,
validation-73873d5ead,validation,interpreter_threat,English,True,concern_detected,pressure_after_refusal|assistance_related_coercion,,,
validation-fd137c0fa3,validation,interpreter_threat,English,True,concern_detected,pressure_after_refusal|assistance_related_coercion,,,
validation-8b2d9f654f,validation,pin_description,English,True,no_clear_concern,,,,
validation-2950497edb,validation,unclear_repayment,English,True,insufficient_context,,,,
validation-9e71e975bb,validation,credential_friend,English,True,concern_detected,credential_request,,,
validation-bbfec8f438,validation,repeated_location,English,True,concern_detected,pressure_after_refusal,,,
validation-d73707247b,validation,interpreter_threat,English,True,concern_detected,pressure_after_refusal|assistance_related_coercion,,,
test-b2ab10df2d,test,normal_reminder,English,True,no_clear_concern,,,,
test-e3760f6321,test,soft_pressure,English,True,concern_detected,pressure_after_refusal,,,
test-56d1804d35,test,soft_pressure,English,True,concern_detected,pressure_after_refusal,,,
test-8cde7313e6,test,ambiguous_help,English,True,insufficient_context,,,,
test-e15a50a0de,test,soft_pressure,English,True,concern_detected,pressure_after_refusal,,,
test-df8e944548,test,mobility_threat,English,True,concern_detected,pressure_after_refusal|assistance_related_coercion,,,
test-60e4452046,test,credential_delivery,English,True,concern_detected,credential_request,,,
test-daeeeee0fc,test,credential_delivery,English,True,concern_detected,credential_request,,,
test-d1798f72dc,test,ambiguous_help,English,True,insufficient_context,,,,
test-491c2afe3f,test,soft_pressure,English,True,concern_detected,pressure_after_refusal,,,
test-2e5a68362b,test,ambiguous_help,English,True,insufficient_context,,,,
test-a2faa81c19,test,credential_delivery,English,True,concern_detected,credential_request,,,
test-4a9396d2da,test,ambiguous_help,English,True,insufficient_context,,,,
test-25cd82e41b,test,mobility_threat,English,True,concern_detected,pressure_after_refusal|assistance_related_coercion,,,
test-8c6665f7fa,test,normal_reminder,English,True,no_clear_concern,,,,
test-f4a80dd771,test,ambiguous_help,English,True,insufficient_context,,,,
test-fe9b28b274,test,soft_pressure,English,True,concern_detected,pressure_after_refusal,,,
test-f39e2bb835,test,ambiguous_help,English,True,insufficient_context,,,,
test-8a16a21dd0,test,soft_pressure,English,True,concern_detected,pressure_after_refusal,,,
test-b9199a2fc3,test,normal_reminder,English,True,no_clear_concern,,,,
test-b6f2fb11d7,test,mobility_threat,English,True,concern_detected,pressure_after_refusal|assistance_related_coercion,,,
test-6003ddb1a3,test,mobility_threat,English,True,concern_detected,pressure_after_refusal|assistance_related_coercion,,,
test-bd3b737d99,test,normal_reminder,English,True,no_clear_concern,,,,
test-c30f1741c2,test,ambiguous_help,English,True,insufficient_context,,,,
test-78a5a429da,test,mobility_threat,English,True,concern_detected,pressure_after_refusal|assistance_related_coercion,,,
test-6cee632d36,test,soft_pressure,English,True,concern_detected,pressure_after_refusal,,,
test-30c79d1215,test,credential_delivery,English,True,concern_detected,credential_request,,,
test-3cce31166c,test,mobility_threat,English,True,concern_detected,pressure_after_refusal|assistance_related_coercion,,,
test-9fd807f63e,test,normal_reminder,English,True,no_clear_concern,,,,
test-532e6365b2,test,normal_reminder,English,True,no_clear_concern,,,,
test-3efe4175f7,test,normal_reminder,English,True,no_clear_concern,,,,
test-fd530bf993,test,soft_pressure,English,True,concern_detected,pressure_after_refusal,,,
test-e75b804c02,test,ambiguous_help,English,True,insufficient_context,,,,
test-08214383c9,test,soft_pressure,English,True,concern_detected,pressure_after_refusal,,,
test-16031f2e3b,test,mobility_threat,English,True,concern_detected,pressure_after_refusal|assistance_related_coercion,,,
test-a017b1e6bb,test,mobility_threat,English,True,concern_detected,pressure_after_refusal|assistance_related_coercion,,,
test-58a6848199,test,credential_delivery,English,True,concern_detected,credential_request,,,
test-a652c555e1,test,mobility_threat,English,True,concern_detected,pressure_after_refusal|assistance_related_coercion,,,
test-718fb10322,test,credential_delivery,English,True,concern_detected,credential_request,,,
test-de6c43bae1,test,soft_pressure,English,True,concern_detected,pressure_after_refusal,,,
test-f55c21f01a,test,soft_pressure,English,True,concern_detected,pressure_after_refusal,,,
test-d1a449ff7d,test,normal_reminder,English,True,no_clear_concern,,,,
test-ecaa5e3a91,test,soft_pressure,English,True,concern_detected,pressure_after_refusal,,,
test-09583de863,test,ambiguous_help,English,True,insufficient_context,,,,
test-98446eae53,test,soft_pressure,English,True,concern_detected,pressure_after_refusal,,,
test-a4d41e00ab,test,credential_delivery,English,True,concern_detected,credential_request,,,
test-d74cca9669,test,normal_reminder,English,True,no_clear_concern,,,,
test-e9154f0544,test,mobility_threat,English,True,concern_detected,pressure_after_refusal|assistance_related_coercion,,,
test-d89e3f3531,test,mobility_threat,English,True,concern_detected,pressure_after_refusal|assistance_related_coercion,,,
test-c7e9da8f85,test,normal_reminder,English,True,no_clear_concern,,,,
test-8c385ab0a8,test,soft_pressure,English,True,concern_detected,pressure_after_refusal,,,
test-8e7e637d7f,test,credential_delivery,English,True,concern_detected,credential_request,,,
test-0d9dfd6c8b,test,mobility_threat,English,True,concern_detected,pressure_after_refusal|assistance_related_coercion,,,
test-a003b4d436,test,normal_reminder,English,True,no_clear_concern,,,,
test-eebe6c53c9,test,soft_pressure,English,True,concern_detected,pressure_after_refusal,,,
test-6d8b9b794e,test,credential_delivery,English,True,concern_detected,credential_request,,,
test-2b097787a6,test,ambiguous_help,English,True,insufficient_context,,,,
test-28aeb499ba,test,ambiguous_help,English,True,insufficient_context,,,,
test-58f81113db,test,credential_delivery,English,True,concern_detected,credential_request,,,
test-95820189a0,test,ambiguous_help,English,True,insufficient_context,,,,
test-b602725da9,test,normal_reminder,English,True,no_clear_concern,,,,
test-3089e8b436,test,credential_delivery,English,True,concern_detected,credential_request,,,
test-f6aeb5e111,test,normal_reminder,English,True,no_clear_concern,,,,
test-23f6bc8b2e,test,mobility_threat,English,True,concern_detected,pressure_after_refusal|assistance_related_coercion,,,
test-485db3c447,test,soft_pressure,English,True,concern_detected,pressure_after_refusal,,,
test-07c70b036f,test,mobility_threat,English,True,concern_detected,pressure_after_refusal|assistance_related_coercion,,,
test-b4ce526b20,test,credential_delivery,English,True,concern_detected,credential_request,,,
test-d39750397f,test,credential_delivery,English,True,concern_detected,credential_request,,,
test-2ee6311bae,test,ambiguous_help,English,True,insufficient_context,,,,
test-bbdf606589,test,soft_pressure,English,True,concern_detected,pressure_after_refusal,,,
test-62895661c6,test,normal_reminder,English,True,no_clear_concern,,,,
test-785163ab6f,test,mobility_threat,English,True,concern_detected,pressure_after_refusal|assistance_related_coercion,,,
test-8731f912ae,test,ambiguous_help,English,True,insufficient_context,,,,
test-93cc6fd636,test,soft_pressure,English,True,concern_detected,pressure_after_refusal,,,
test-fb04f42c84,test,ambiguous_help,English,True,insufficient_context,,,,
test-f3589486a8,test,normal_reminder,English,True,no_clear_concern,,,,
test-bcd32a0a05,test,credential_delivery,English,True,concern_detected,credential_request,,,
test-c22b073a8d,test,normal_reminder,English,True,no_clear_concern,,,,
test-8aefd1965d,test,ambiguous_help,English,True,insufficient_context,,,,
test-f5e3ca6314,test,credential_delivery,English,True,concern_detected,credential_request,,,
test-a000b0beff,test,normal_reminder,English,True,no_clear_concern,,,,
test-4858abd443,test,ambiguous_help,English,True,insufficient_context,,,,
test-60fb5f2b0a,test,ambiguous_help,English,True,insufficient_context,,,,
test-93925c08b2,test,soft_pressure,English,True,concern_detected,pressure_after_refusal,,,
test-3af9739e25,test,mobility_threat,English,True,concern_detected,pressure_after_refusal|assistance_related_coercion,,,
test-ea0dcf314e,test,ambiguous_help,English,True,insufficient_context,,,,
test-46a8ad0e33,test,credential_delivery,English,True,concern_detected,credential_request,,,
test-ca1e3951a7,test,normal_reminder,English,True,no_clear_concern,,,,
test-078d1d93c8,test,mobility_threat,English,True,concern_detected,pressure_after_refusal|assistance_related_coercion,,,
test-443f5bfd3a,test,ambiguous_help,English,True,insufficient_context,,,,
test-fc70d0d712,test,credential_delivery,English,True,concern_detected,credential_request,,,
test-45bf073d9d,test,ambiguous_help,English,True,insufficient_context,,,,
test-eb764665ae,test,ambiguous_help,English,True,insufficient_context,,,,
test-cd1b2ca360,test,soft_pressure,English,True,concern_detected,pressure_after_refusal,,,
test-44cae62467,test,mobility_threat,English,True,concern_detected,pressure_after_refusal|assistance_related_coercion,,,
test-a780e36016,test,ambiguous_help,English,True,insufficient_context,,,,
test-d66dd42769,test,normal_reminder,English,True,no_clear_concern,,,,
test-40eb614b45,test,credential_delivery,English,True,concern_detected,credential_request,,,
test-6f1060d8ab,test,normal_reminder,English,True,no_clear_concern,,,,
test-e6da0e3003,test,normal_reminder,English,True,no_clear_concern,,,,
test-9da82d624e,test,normal_reminder,English,True,no_clear_concern,,,,
test-b4989d62f2,test,mobility_threat,English,True,concern_detected,pressure_after_refusal|assistance_related_coercion,,,
test-630f1edf30,test,mobility_threat,English,True,concern_detected,pressure_after_refusal|assistance_related_coercion,,,
test-6a27aa199e,test,normal_reminder,English,True,no_clear_concern,,,,
test-ee0710d624,test,ambiguous_help,English,True,insufficient_context,,,,
test-478428e6a8,test,credential_delivery,English,True,concern_detected,credential_request,,,
test-2b7b97adad,test,normal_reminder,English,True,no_clear_concern,,,,
test-5e2c07e1e7,test,credential_delivery,English,True,concern_detected,credential_request,,,
test-568f7f4cb4,test,credential_delivery,English,True,concern_detected,credential_request,,,
test-bf6ecabde9,test,normal_reminder,English,True,no_clear_concern,,,,
test-99a7b79e42,test,normal_reminder,English,True,no_clear_concern,,,,
test-f6806c5055,test,mobility_threat,English,True,concern_detected,pressure_after_refusal|assistance_related_coercion,,,
test-3dd03beb84,test,mobility_threat,English,True,concern_detected,pressure_after_refusal|assistance_related_coercion,,,
test-ff9b9df686,test,ambiguous_help,English,True,insufficient_context,,,,
test-c1d8ccefdc,test,credential_delivery,English,True,concern_detected,credential_request,,,
test-037c3494bd,test,normal_reminder,English,True,no_clear_concern,,,,
test-0982525fb1,test,credential_delivery,English,True,concern_detected,credential_request,,,
test-5a16cc07aa,test,credential_delivery,English,True,concern_detected,credential_request,,,
test-35188628a1,test,mobility_threat,English,True,concern_detected,pressure_after_refusal|assistance_related_coercion,,,
test-a5288efbed,test,mobility_threat,English,True,concern_detected,pressure_after_refusal|assistance_related_coercion,,,
test-1f81bb1d91,test,soft_pressure,English,True,concern_detected,pressure_after_refusal,,,
test-68734e3d58,test,normal_reminder,English,True,no_clear_concern,,,,
test-d7a1fa04a2,test,credential_delivery,English,True,concern_detected,credential_request,,,
test-87cc54cb02,test,normal_reminder,English,True,no_clear_concern,,,,
test-c4e6c94b99,test,soft_pressure,English,True,concern_detected,pressure_after_refusal,,,
test-51afd450b1,test,ambiguous_help,English,True,insufficient_context,,,,
test-c1dc0dd664,test,ambiguous_help,English,True,insufficient_context,,,,
test-c07da109f0,test,credential_delivery,English,True,concern_detected,credential_request,,,
test-d9a364951a,test,ambiguous_help,English,True,insufficient_context,,,,
test-a4561095bd,test,soft_pressure,English,True,concern_detected,pressure_after_refusal,,,
test-ca58a72873,test,soft_pressure,English,True,concern_detected,pressure_after_refusal,,,
test-4cc94e1702,test,soft_pressure,English,True,concern_detected,pressure_after_refusal,,,
test-3bafad98d4,test,ambiguous_help,English,True,insufficient_context,,,,
test-49ac3192c5,test,credential_delivery,English,True,concern_detected,credential_request,,,
test-f95e315c29,test,ambiguous_help,English,True,insufficient_context,,,,
test-5907465168,test,normal_reminder,English,True,no_clear_concern,,,,
test-9db0a09248,test,soft_pressure,English,True,concern_detected,pressure_after_refusal,,,
test-538e0c8881,test,mobility_threat,English,True,concern_detected,pressure_after_refusal|assistance_related_coercion,,,
test-5570639608,test,normal_reminder,English,True,no_clear_concern,,,,
test-4a03846758,test,soft_pressure,English,True,concern_detected,pressure_after_refusal,,,
test-900b330801,test,mobility_threat,English,True,concern_detected,pressure_after_refusal|assistance_related_coercion,,,
test-eb7b0aedcc,test,soft_pressure,English,True,concern_detected,pressure_after_refusal,,,
test-f29838f9cc,test,mobility_threat,English,True,concern_detected,pressure_after_refusal|assistance_related_coercion,,,
test-a11b322a5a,test,credential_delivery,English,True,concern_detected,credential_request,,,
test-0bf5b50cd5,test,soft_pressure,English,True,concern_detected,pressure_after_refusal,,,
test-71f3dde4db,test,soft_pressure,English,True,concern_detected,pressure_after_refusal,,,
test-43d9df404b,test,credential_delivery,English,True,concern_detected,credential_request,,,
test-771b6a8b89,test,credential_delivery,English,True,concern_detected,credential_request,,,
test-4c5ce1a065,test,mobility_threat,English,True,concern_detected,pressure_after_refusal|assistance_related_coercion,,,
test-b411c97786,test,ambiguous_help,English,True,insufficient_context,,,,
test-d2cf71c160,test,credential_delivery,English,True,concern_detected,credential_request,,,
test-f5d1218616,test,mobility_threat,English,True,concern_detected,pressure_after_refusal|assistance_related_coercion,,,
test-4d6d18361f,test,soft_pressure,English,True,concern_detected,pressure_after_refusal,,,
test-f38a4e5c00,test,mobility_threat,English,True,concern_detected,pressure_after_refusal|assistance_related_coercion,,,
test-c005d172b0,test,mobility_threat,English,True,concern_detected,pressure_after_refusal|assistance_related_coercion,,,
test-df6a89399b,test,normal_reminder,English,True,no_clear_concern,,,,
test-9e90365b79,test,ambiguous_help,English,True,insufficient_context,,,,
test-844a541c29,test,credential_delivery,English,True,concern_detected,credential_request,,,
test-c7b6cef6e2,test,soft_pressure,English,True,concern_detected,pressure_after_refusal,,,
test-7744219165,test,mobility_threat,English,True,concern_detected,pressure_after_refusal|assistance_related_coercion,,,
challenge-001,challenge,challenge-indirect-otp,English,True,concern_detected,credential_request,,,
challenge-002,challenge,challenge-quoted-refusal,English,True,no_clear_concern,,,,
challenge-003,challenge,challenge-dependency,English,True,concern_detected,pressure_after_refusal|assistance_related_coercion,,,
challenge-004,challenge,challenge-unclear-code,English,True,insufficient_context,,,,
challenge-005,challenge,challenge-multiple,English,True,concern_detected,credential_request|pressure_after_refusal|assistance_related_coercion,,,
challenge-006,challenge,challenge-normal-boundary,English,True,no_clear_concern,,,,
multi-hi-001,multilingual_exploratory,exploratory-hinglish-otp,Hinglish,True,concern_detected,credential_request,,,
multi-hi-002,multilingual_exploratory,exploratory-hinglish-normal,Hinglish,True,no_clear_concern,,,,
multi-hi-003,multilingual_exploratory,exploratory-hinglish-transport,Hinglish,True,concern_detected,pressure_after_refusal|assistance_related_coercion,,,
multi-te-001,multilingual_exploratory,exploratory-tenglish-otp,Telugu-English,True,concern_detected,credential_request,,,
multi-te-002,multilingual_exploratory,exploratory-tenglish-normal,Telugu-English,True,no_clear_concern,,,,
multi-te-003,multilingual_exploratory,exploratory-tenglish-care,Telugu-English,True,concern_detected,pressure_after_refusal|assistance_related_coercion,,,
